{"cameraMode":{"drawMode":0,"name":"Shaded","section":"Shading Mode"},"sceneLighting":false,"audioPlay":false,"sceneViewState":{"showFog":true,"showMaterialUpdate":false,"showSkybox":false,"showFlares":true,"showImageEffects":true,"showParticleSystems":true},"in2DMode":false,"pivot":{"x":54.25803756713867,"y":3.6824584007263185,"z":17.080007553100587},"rotation":{"x":0.017681455239653589,"y":-0.9805864095687866,"z":0.1875254064798355,"w":0.0633254125714302},"size":6.64117431640625,"orthographic":false}