{"cameraMode":{"drawMode":0,"name":"Shaded","section":"Shading Mode"},"sceneLighting":false,"audioPlay":false,"sceneViewState":{"showFog":true,"showMaterialUpdate":false,"showSkybox":false,"showFlares":true,"showImageEffects":true,"showParticleSystems":true},"in2DMode":false,"pivot":{"x":0.0,"y":31.599349975585939,"z":-267.29998779296877},"rotation":{"x":-0.45102089643478396,"y":0.24436652660369874,"z":-0.12328170239925385,"w":-0.8499601483345032},"size":49.41392517089844,"orthographic":false}