{"cameraMode":{"drawMode":0,"name":"Shaded","section":"Shading Mode"},"sceneLighting":false,"audioPlay":false,"sceneViewState":{"showFog":true,"showMaterialUpdate":false,"showSkybox":false,"showFlares":true,"showImageEffects":true,"showParticleSystems":true},"in2DMode":false,"pivot":{"x":-62.586029052734378,"y":22.281227111816408,"z":64.06712341308594},"rotation":{"x":0.1185426339507103,"y":-0.7904839515686035,"z":0.153834268450737,"w":0.5817119479179382},"size":45.45808410644531,"orthographic":false}